<?xml version="1.0" encoding="UTF-8" ?>
<class>
    <student id="8765">
        <firstname>Olga</firstname>
        <lastname>Kot</lastname>
        <nickname>kotek</nickname>
        <marks>89</marks>
    </student>
    <student id="7434">
        <firstname>Olaf</firstname>
        <lastname>Nowak</lastname>
        <nickname>olo</nickname>
        <marks>77</marks>
    </student>
    <student id="8332">
        <firstname>Lidia</firstname>
        <lastname>Nowik</lastname>
        <nickname>lidka</nickname>
        <marks>86</marks>
    </student>
    <student id="9543">
        <firstname>Piotr</firstname>
        <lastname>Glas</lastname>
        <nickname>pietro</nickname>
        <marks>45</marks>
    </student>
</class>